/*
SQLyog Community v13.1.5  (64 bit)
MySQL - 10.4.6-MariaDB : Database - a1
*********************************************************************
*/

/*!40101 SET NAMES utf8 */;

/*!40101 SET SQL_MODE=''*/;

/*!40014 SET @OLD_UNIQUE_CHECKS=@@UNIQUE_CHECKS, UNIQUE_CHECKS=0 */;
/*!40014 SET @OLD_FOREIGN_KEY_CHECKS=@@FOREIGN_KEY_CHECKS, FOREIGN_KEY_CHECKS=0 */;
/*!40101 SET @OLD_SQL_MODE=@@SQL_MODE, SQL_MODE='NO_AUTO_VALUE_ON_ZERO' */;
/*!40111 SET @OLD_SQL_NOTES=@@SQL_NOTES, SQL_NOTES=0 */;
CREATE DATABASE /*!32312 IF NOT EXISTS*/`a1` /*!40100 DEFAULT CHARACTER SET utf8 COLLATE utf8_unicode_ci */;

USE `a1`;

/*Table structure for table `Reply` */

DROP TABLE IF EXISTS `Reply`;

CREATE TABLE `Reply` (
  `replyNum` int(10) unsigned NOT NULL AUTO_INCREMENT,
  `regDate` datetime NOT NULL,
  `updateDate` datetime NOT NULL,
  `articleNum` int(10) unsigned NOT NULL,
  `name` varchar(60) COLLATE utf8_unicode_ci NOT NULL,
  `body` text COLLATE utf8_unicode_ci NOT NULL,
  PRIMARY KEY (`replyNum`)
) ENGINE=InnoDB DEFAULT CHARSET=utf8 COLLATE=utf8_unicode_ci;

/*Data for the table `Reply` */

/*Table structure for table `article` */

DROP TABLE IF EXISTS `article`;

CREATE TABLE `article` (
  `Num` int(10) unsigned NOT NULL AUTO_INCREMENT,
  `memberNum` int(10) unsigned NOT NULL,
  `boardNum` int(10) unsigned NOT NULL,
  `replyNum` int(10) unsigned NOT NULL,
  `views` int(10) unsigned NOT NULL,
  `regDate` datetime NOT NULL,
  `updateDate` datetime NOT NULL,
  `recommandNum` int(10) unsigned NOT NULL,
  `title` varchar(60) COLLATE utf8_unicode_ci NOT NULL,
  `body` text COLLATE utf8_unicode_ci NOT NULL,
  PRIMARY KEY (`Num`)
) ENGINE=InnoDB AUTO_INCREMENT=582 DEFAULT CHARSET=utf8 COLLATE=utf8_unicode_ci;

/*Data for the table `article` */

insert  into `article`(`Num`,`memberNum`,`boardNum`,`replyNum`,`views`,`regDate`,`updateDate`,`recommandNum`,`title`,`body`) values 
(1,1,1,0,0,'2020-12-16 09:09:44','2020-12-16 09:09:44',0,'asdlkad','asdlkasdkln'),
(2,1,1,0,0,'2020-12-16 09:09:48','2020-12-16 09:09:48',0,'asfnoasfn','daoiadsjio'),
(3,5,3,0,0,'2020-12-16 00:00:00','2020-12-16 00:00:00',0,'제목_0.41780378056485556','내용_0.04759133239052383'),
(4,5,3,0,0,'2020-12-16 00:00:00','2020-12-16 00:00:00',0,'제목_0.9461279203613548','내용_0.39078126697873816'),
(5,2,2,0,0,'2020-12-16 00:00:00','2020-12-16 00:00:00',0,'제목_0.6797784796727621','내용_0.18308467155609714'),
(6,5,3,0,0,'2020-12-16 00:00:00','2020-12-16 00:00:00',0,'제목_0.5276649999689916','내용_0.144767739944875'),
(7,2,1,0,0,'2020-12-16 00:00:00','2020-12-16 00:00:00',0,'제목_0.927046157351738','내용_0.8254844265295979'),
(8,3,1,0,0,'2020-12-16 00:00:00','2020-12-16 00:00:00',0,'제목_0.2359749956391519','내용_0.41497938559854347'),
(9,3,2,0,0,'2020-12-16 00:00:00','2020-12-16 00:00:00',0,'제목_0.8486927802196637','내용_0.4736987328843202'),
(10,5,3,0,0,'2020-12-16 00:00:00','2020-12-16 00:00:00',0,'제목_0.9876569900546753','내용_0.8653431673211448'),
(11,3,1,0,0,'2020-12-16 00:00:00','2020-12-16 00:00:00',0,'제목_0.022240412442237522','내용_0.44311704900406024'),
(12,2,2,0,0,'2020-12-16 00:00:00','2020-12-16 00:00:00',0,'제목_0.6282532947401082','내용_0.896359276861287'),
(13,4,1,0,0,'2020-12-16 00:00:00','2020-12-16 00:00:00',0,'제목_0.6894147095171872','내용_0.5587590155738955'),
(14,4,3,0,0,'2020-12-16 00:00:00','2020-12-16 00:00:00',0,'제목_0.580736511927784','내용_0.04924893756327121'),
(15,4,2,0,0,'2020-12-16 00:00:00','2020-12-16 00:00:00',0,'제목_0.35004014181908233','내용_0.6329133441978259'),
(16,2,3,0,0,'2020-12-16 00:00:00','2020-12-16 00:00:00',0,'제목_0.02411919927608147','내용_0.10012113871064143'),
(17,3,3,0,0,'2020-12-16 00:00:00','2020-12-16 00:00:00',0,'제목_0.9196418858316185','내용_0.0755777192074598'),
(18,4,3,0,0,'2020-12-16 00:00:00','2020-12-16 00:00:00',0,'제목_0.4835197203639147','내용_0.8133534740780978'),
(19,4,2,0,0,'2020-12-16 00:00:00','2020-12-16 00:00:00',0,'제목_0.35627935394298227','내용_0.8584543744646519'),
(20,2,2,0,0,'2020-12-16 00:00:00','2020-12-16 00:00:00',0,'제목_0.03872907444716345','내용_0.5682270625310271'),
(21,4,3,0,0,'2020-12-16 00:00:00','2020-12-16 00:00:00',0,'제목_0.4254528874768437','내용_0.36708613798682216'),
(22,4,3,0,0,'2020-12-16 00:00:00','2020-12-16 00:00:00',0,'제목_0.7932933958184843','내용_0.8841612859481585'),
(23,2,2,0,0,'2020-12-16 00:00:00','2020-12-16 00:00:00',0,'제목_0.6379589015971486','내용_0.5333519247671141'),
(24,5,1,0,0,'2020-12-16 00:00:00','2020-12-16 00:00:00',0,'제목_0.5631462080060935','내용_0.3226540548006576'),
(25,5,2,0,0,'2020-12-16 00:00:00','2020-12-16 00:00:00',0,'제목_0.4844863382023632','내용_0.46884291197065536'),
(26,5,1,0,0,'2020-12-16 00:00:00','2020-12-16 00:00:00',0,'제목_0.5639791763983473','내용_0.6781483885628622'),
(27,4,2,0,0,'2020-12-16 00:00:00','2020-12-16 00:00:00',0,'제목_0.20147213172304643','내용_0.628629428919991'),
(28,4,3,0,0,'2020-12-16 00:00:00','2020-12-16 00:00:00',0,'제목_0.4226359142201356','내용_0.6898826674463997'),
(29,2,3,0,0,'2020-12-16 00:00:00','2020-12-16 00:00:00',0,'제목_0.6448839294210857','내용_0.7107792130771831'),
(30,4,3,0,0,'2020-12-16 00:00:00','2020-12-16 00:00:00',0,'제목_0.9616867610827896','내용_0.916782043796761'),
(31,4,3,0,0,'2020-12-16 00:00:00','2020-12-16 00:00:00',0,'제목_0.6229687897702388','내용_0.8831327845185369'),
(32,4,1,0,0,'2020-12-16 00:00:00','2020-12-16 00:00:00',0,'제목_0.781675264967303','내용_0.6552075638018618'),
(33,5,3,0,0,'2020-12-16 00:00:00','2020-12-16 00:00:00',0,'제목_0.654151933876939','내용_0.2024468595184822'),
(34,2,2,0,0,'2020-12-16 00:00:00','2020-12-16 00:00:00',0,'제목_0.058424878919892835','내용_0.3674681683699304'),
(35,4,1,0,0,'2020-12-16 00:00:00','2020-12-16 00:00:00',0,'제목_0.05343484697252032','내용_0.6433941513704081'),
(36,2,2,0,0,'2020-12-16 00:00:00','2020-12-16 00:00:00',0,'제목_0.5957453405444932','내용_0.9192803035669777'),
(37,5,1,0,0,'2020-12-16 00:00:00','2020-12-16 00:00:00',0,'제목_0.012437223468383052','내용_0.19822588395162102'),
(38,5,1,0,0,'2020-12-16 00:00:00','2020-12-16 00:00:00',0,'제목_0.010603087032775476','내용_0.5297816279621623'),
(39,4,2,0,0,'2020-12-16 00:00:00','2020-12-16 00:00:00',0,'제목_0.6294517727843036','내용_0.6588098124217333'),
(40,3,1,0,0,'2020-12-16 00:00:00','2020-12-16 00:00:00',0,'제목_0.04311603684268523','내용_0.05946181720072573'),
(41,2,2,0,0,'2020-12-16 00:00:00','2020-12-16 00:00:00',0,'제목_0.8032150629937789','내용_0.03181651516986686'),
(42,4,2,0,0,'2020-12-16 00:00:00','2020-12-16 00:00:00',0,'제목_0.010375644090003935','내용_0.09666553148689264'),
(43,3,3,0,0,'2020-12-16 00:00:00','2020-12-16 00:00:00',0,'제목_0.49843384185660056','내용_0.579147592726301'),
(44,3,1,0,0,'2020-12-16 00:00:00','2020-12-16 00:00:00',0,'제목_0.1223886070050193','내용_0.8177242761642898'),
(45,4,1,0,0,'2020-12-16 00:00:00','2020-12-16 00:00:00',0,'제목_0.6061590338183186','내용_0.5684797350023685'),
(46,2,2,0,0,'2020-12-16 00:00:00','2020-12-16 00:00:00',0,'제목_0.9990794537580381','내용_0.7528907579862426'),
(47,5,2,0,0,'2020-12-16 00:00:00','2020-12-16 00:00:00',0,'제목_0.5853789212045994','내용_0.19467947557073037'),
(48,2,2,0,0,'2020-12-16 00:00:00','2020-12-16 00:00:00',0,'제목_0.85954224025788','내용_0.7909167453562066'),
(49,3,2,0,0,'2020-12-16 00:00:00','2020-12-16 00:00:00',0,'제목_0.4073038123616053','내용_0.515414157431027'),
(50,3,1,0,0,'2020-12-16 00:00:00','2020-12-16 00:00:00',0,'제목_0.08229420062368195','내용_0.7228076464708966'),
(51,3,3,0,0,'2020-12-16 00:00:00','2020-12-16 00:00:00',0,'제목_0.23531003411422488','내용_0.17448400908567385'),
(52,2,1,0,0,'2020-12-16 00:00:00','2020-12-16 00:00:00',0,'제목_0.04551947214223395','내용_0.30060377372485003'),
(53,3,3,0,0,'2020-12-16 00:00:00','2020-12-16 00:00:00',0,'제목_0.5530742030153742','내용_0.9738976731653304'),
(54,2,1,0,0,'2020-12-16 00:00:00','2020-12-16 00:00:00',0,'제목_0.017382412233746064','내용_0.6980042454768012'),
(55,3,1,0,0,'2020-12-16 00:00:00','2020-12-16 00:00:00',0,'제목_0.1631649734109314','내용_0.5297526936323873'),
(56,2,1,0,0,'2020-12-16 00:00:00','2020-12-16 00:00:00',0,'제목_0.5576185104973786','내용_0.16683805376928118'),
(57,2,1,0,0,'2020-12-16 00:00:00','2020-12-16 00:00:00',0,'제목_0.04679427579678062','내용_0.31549228012141983'),
(58,3,1,0,0,'2020-12-16 00:00:00','2020-12-16 00:00:00',0,'제목_0.8833452694894236','내용_0.6999777478165717'),
(59,5,1,0,0,'2020-12-16 00:00:00','2020-12-16 00:00:00',0,'제목_0.19709911681441508','내용_0.5375008327304394'),
(60,2,3,0,0,'2020-12-16 00:00:00','2020-12-16 00:00:00',0,'제목_0.05403826018240141','내용_0.6645960748797246'),
(61,2,3,0,0,'2020-12-16 00:00:00','2020-12-16 00:00:00',0,'제목_0.570102802077404','내용_0.41889425406129494'),
(62,3,2,0,0,'2020-12-16 00:00:00','2020-12-16 00:00:00',0,'제목_0.168170059256414','내용_0.8484550992478198'),
(63,4,1,0,0,'2020-12-16 00:00:00','2020-12-16 00:00:00',0,'제목_0.5040113781616198','내용_0.0896724845186551'),
(64,5,2,0,0,'2020-12-16 00:00:00','2020-12-16 00:00:00',0,'제목_0.254135931147389','내용_0.032807172306633714'),
(65,3,3,0,0,'2020-12-16 00:00:00','2020-12-16 00:00:00',0,'제목_0.3437107739445854','내용_0.9893968766456441'),
(66,5,2,0,0,'2020-12-16 00:00:00','2020-12-16 00:00:00',0,'제목_0.30779306153561276','내용_0.7057557540999313'),
(67,4,3,0,0,'2020-12-16 00:00:00','2020-12-16 00:00:00',0,'제목_0.7324554386850963','내용_0.9330846694606214'),
(68,3,2,0,0,'2020-12-16 00:00:00','2020-12-16 00:00:00',0,'제목_0.3009855060847341','내용_0.8818335643800288'),
(69,4,3,0,0,'2020-12-16 00:00:00','2020-12-16 00:00:00',0,'제목_0.9091460750523452','내용_0.889062377520895'),
(70,4,4,0,0,'2020-12-16 00:00:00','2020-12-16 00:00:00',0,'제목_0.922181364076381','내용_0.4572857715722972'),
(71,4,4,0,0,'2020-12-16 00:00:00','2020-12-16 00:00:00',0,'제목_0.22756669784669456','내용_0.5781791308691531'),
(72,2,4,0,0,'2020-12-16 00:00:00','2020-12-16 00:00:00',0,'제목_0.30644059582281913','내용_0.9076162352297606'),
(73,4,4,0,0,'2020-12-16 00:00:00','2020-12-16 00:00:00',0,'제목_0.3709484221143168','내용_0.9984638830632566'),
(74,5,4,0,0,'2020-12-16 00:00:00','2020-12-16 00:00:00',0,'제목_0.4019792800787643','내용_0.37147389200653314'),
(75,4,4,0,0,'2020-12-16 00:00:00','2020-12-16 00:00:00',0,'제목_0.14273660736413357','내용_0.75938811596426'),
(76,3,4,0,0,'2020-12-16 00:00:00','2020-12-16 00:00:00',0,'제목_0.5654896251535878','내용_0.7212557911139501'),
(77,5,4,0,0,'2020-12-16 00:00:00','2020-12-16 00:00:00',0,'제목_0.3852832116049558','내용_0.1969857562305273'),
(78,5,4,0,0,'2020-12-16 00:00:00','2020-12-16 00:00:00',0,'제목_0.5544386473991336','내용_0.284955736515071'),
(79,5,4,0,0,'2020-12-16 00:00:00','2020-12-16 00:00:00',0,'제목_0.9524466767464268','내용_0.477845101130982'),
(80,4,4,0,0,'2020-12-16 00:00:00','2020-12-16 00:00:00',0,'제목_0.22589225808707275','내용_0.5338048027211845'),
(81,5,4,0,0,'2020-12-16 00:00:00','2020-12-16 00:00:00',0,'제목_0.3553219729618374','내용_0.8025680853077845'),
(82,5,4,0,0,'2020-12-16 00:00:00','2020-12-16 00:00:00',0,'제목_0.326668466745567','내용_0.7927187493003148'),
(83,5,4,0,0,'2020-12-16 00:00:00','2020-12-16 00:00:00',0,'제목_0.5397856678252906','내용_0.7481632388645441'),
(84,2,4,0,0,'2020-12-16 00:00:00','2020-12-16 00:00:00',0,'제목_0.36280642204248015','내용_0.4496544762045652'),
(85,2,4,0,0,'2020-12-16 00:00:00','2020-12-16 00:00:00',0,'제목_0.4503023302651032','내용_0.7719522451720687'),
(86,4,4,0,0,'2020-12-16 00:00:00','2020-12-16 00:00:00',0,'제목_0.22841462421083322','내용_0.6155103543917745'),
(87,3,1,0,0,'2020-12-16 00:00:00','2020-12-16 00:00:00',0,'제목_0.3981193298456439','내용_0.6455708263866332'),
(88,2,1,0,0,'2020-12-16 00:00:00','2020-12-16 00:00:00',0,'제목_0.053353597459712625','내용_0.5744627663627851'),
(89,4,4,0,0,'2020-12-16 00:00:00','2020-12-16 00:00:00',0,'제목_0.05262623266561537','내용_0.7494999465993605'),
(90,4,3,0,0,'2020-12-16 00:00:00','2020-12-16 00:00:00',0,'제목_0.7291644315506932','내용_0.5470056296763994'),
(91,4,1,0,0,'2020-12-16 00:00:00','2020-12-16 00:00:00',0,'제목_0.8406831974542543','내용_0.9134433259381385'),
(92,2,2,0,0,'2020-12-16 00:00:00','2020-12-16 00:00:00',0,'제목_0.2920257926844301','내용_0.0036128144744902984'),
(93,2,3,0,0,'2020-12-16 00:00:00','2020-12-16 00:00:00',0,'제목_0.0695159184462539','내용_0.25029398524229785'),
(94,2,2,0,0,'2020-12-16 00:00:00','2020-12-16 00:00:00',0,'제목_0.18987884110759837','내용_0.5582069871557942'),
(95,2,2,0,0,'2020-12-16 00:00:00','2020-12-16 00:00:00',0,'제목_0.49766112724101275','내용_0.1911918112926109'),
(96,3,3,0,0,'2020-12-16 00:00:00','2020-12-16 00:00:00',0,'제목_0.3175885354332519','내용_0.3640333352275503'),
(97,5,1,0,0,'2020-12-16 00:00:00','2020-12-16 00:00:00',0,'제목_0.6223243685647141','내용_0.3769052898296204'),
(98,2,4,0,0,'2020-12-16 00:00:00','2020-12-16 00:00:00',0,'제목_0.7325950690848707','내용_0.7918222796095743'),
(99,5,2,0,0,'2020-12-16 00:00:00','2020-12-16 00:00:00',0,'제목_0.8718428638501492','내용_0.06572145136606083'),
(100,4,2,0,0,'2020-12-16 00:00:00','2020-12-16 00:00:00',0,'제목_0.7019097262079919','내용_0.40486119166469314'),
(101,5,2,0,0,'2020-12-16 00:00:00','2020-12-16 00:00:00',0,'제목_0.1357721389604473','내용_0.5439592018201568'),
(102,3,4,0,0,'2020-12-16 00:00:00','2020-12-16 00:00:00',0,'제목_0.7151638620674273','내용_0.7842577209549563'),
(103,5,3,0,0,'2020-12-16 00:00:00','2020-12-16 00:00:00',0,'제목_0.3036694548126957','내용_0.9397109615986338'),
(104,5,1,0,0,'2020-12-16 00:00:00','2020-12-16 00:00:00',0,'제목_0.23035819477435032','내용_0.7959924524612655'),
(105,3,1,0,0,'2020-12-16 00:00:00','2020-12-16 00:00:00',0,'제목_0.4156429892551554','내용_0.9088313262060577'),
(106,3,4,0,0,'2020-12-16 00:00:00','2020-12-16 00:00:00',0,'제목_0.906539559277277','내용_0.2537642607966105'),
(107,4,4,0,0,'2020-12-16 00:00:00','2020-12-16 00:00:00',0,'제목_0.27599472391977414','내용_0.42581205202807865'),
(108,3,1,0,0,'2020-12-16 00:00:00','2020-12-16 00:00:00',0,'제목_0.2364940245044362','내용_0.49863674258686297'),
(109,5,2,0,0,'2020-12-16 00:00:00','2020-12-16 00:00:00',0,'제목_0.7618857890012541','내용_0.541634514500978'),
(110,3,2,0,0,'2020-12-16 00:00:00','2020-12-16 00:00:00',0,'제목_0.17081766405218995','내용_0.39107034578087774'),
(111,3,1,0,0,'2020-12-16 00:00:00','2020-12-16 00:00:00',0,'제목_0.8777178822809065','내용_0.26474094974318607'),
(112,4,3,0,0,'2020-12-16 00:00:00','2020-12-16 00:00:00',0,'제목_0.22101085560490458','내용_0.1294557751430718'),
(113,5,3,0,0,'2020-12-16 00:00:00','2020-12-16 00:00:00',0,'제목_0.7115830292101791','내용_0.9593219663568977'),
(114,4,2,0,0,'2020-12-16 00:00:00','2020-12-16 00:00:00',0,'제목_0.17110773657551756','내용_0.5615246953084364'),
(115,3,4,0,0,'2020-12-16 00:00:00','2020-12-16 00:00:00',0,'제목_0.05173630085935472','내용_0.8978992373662994'),
(116,3,4,0,0,'2020-12-16 00:00:00','2020-12-16 00:00:00',0,'제목_0.8858325536230882','내용_0.49594611813868034'),
(117,5,3,0,0,'2020-12-16 00:00:00','2020-12-16 00:00:00',0,'제목_0.64993354459287','내용_0.3796883163784522'),
(118,5,3,0,0,'2020-12-16 00:00:00','2020-12-16 00:00:00',0,'제목_0.17477697336559833','내용_0.06146497005733193'),
(119,5,3,0,0,'2020-12-16 00:00:00','2020-12-16 00:00:00',0,'제목_0.303892773859103','내용_0.32773912449156783'),
(120,4,3,0,0,'2020-12-16 00:00:00','2020-12-16 00:00:00',0,'제목_0.07829461254020652','내용_0.4358651474452253'),
(121,5,2,0,0,'2020-12-16 00:00:00','2020-12-16 00:00:00',0,'제목_0.23974544018483296','내용_0.9548845113766236'),
(122,2,2,0,0,'2020-12-16 00:00:00','2020-12-16 00:00:00',0,'제목_0.8908303891223207','내용_0.2203184805999682'),
(123,3,2,0,0,'2020-12-16 00:00:00','2020-12-16 00:00:00',0,'제목_0.13545083546587344','내용_0.22360144576393204'),
(124,4,4,0,0,'2020-12-16 00:00:00','2020-12-16 00:00:00',0,'제목_0.30238306736795517','내용_0.8495069899126021'),
(125,3,1,0,0,'2020-12-16 00:00:00','2020-12-16 00:00:00',0,'제목_0.7458824559542188','내용_0.2691884546253723'),
(126,2,3,0,0,'2020-12-16 00:00:00','2020-12-16 00:00:00',0,'제목_0.3446619569739904','내용_0.5215817750632593'),
(127,4,2,0,0,'2020-12-16 00:00:00','2020-12-16 00:00:00',0,'제목_0.8025803312683295','내용_0.09829204352413494'),
(128,2,1,0,0,'2020-12-16 00:00:00','2020-12-16 00:00:00',0,'제목_0.3674431316251337','내용_0.4660551701356239'),
(129,2,3,0,0,'2020-12-16 00:00:00','2020-12-16 00:00:00',0,'제목_0.02399533616750998','내용_0.8952758525454214'),
(130,3,2,0,0,'2020-12-16 00:00:00','2020-12-16 00:00:00',0,'제목_0.4675146653014372','내용_0.32915666357535556'),
(131,2,1,0,0,'2020-12-16 00:00:00','2020-12-16 00:00:00',0,'제목_0.41391599030598625','내용_0.383399571649171'),
(132,4,1,0,0,'2020-12-16 00:00:00','2020-12-16 00:00:00',0,'제목_0.10450480701821373','내용_0.844371347543198'),
(133,5,1,0,0,'2020-12-16 00:00:00','2020-12-16 00:00:00',0,'제목_0.3179616139437646','내용_0.5640149252154072'),
(134,5,3,0,0,'2020-12-16 00:00:00','2020-12-16 00:00:00',0,'제목_0.595952235717282','내용_0.06304821936697533'),
(135,4,2,0,0,'2020-12-16 00:00:00','2020-12-16 00:00:00',0,'제목_0.6567341430641097','내용_0.9403383219058983'),
(136,4,4,0,0,'2020-12-16 00:00:00','2020-12-16 00:00:00',0,'제목_0.9876879993711486','내용_0.42914666647943356'),
(137,2,3,0,0,'2020-12-16 00:00:00','2020-12-16 00:00:00',0,'제목_0.5815262175924388','내용_0.029910549549302598'),
(138,3,4,0,0,'2020-12-16 00:00:00','2020-12-16 00:00:00',0,'제목_0.4607727066248401','내용_0.4984465320580141'),
(139,2,1,0,0,'2020-12-16 00:00:00','2020-12-16 00:00:00',0,'제목_0.9414227688139517','내용_0.544414003886668'),
(140,5,4,0,0,'2020-12-16 00:00:00','2020-12-16 00:00:00',0,'제목_0.5854284880547118','내용_0.35984225790932983'),
(141,2,1,0,0,'2020-12-16 00:00:00','2020-12-16 00:00:00',0,'제목_0.5467351503174148','내용_0.3283681695613714'),
(142,2,1,0,0,'2020-12-16 00:00:00','2020-12-16 00:00:00',0,'제목_0.11045704792296239','내용_0.48306729037600316'),
(143,2,4,0,0,'2020-12-16 00:00:00','2020-12-16 00:00:00',0,'제목_0.6012282833468432','내용_0.09426688597934962'),
(144,4,1,0,0,'2020-12-16 00:00:00','2020-12-16 00:00:00',0,'제목_0.2742883276886198','내용_0.20509939194200505'),
(145,2,2,0,0,'2020-12-16 00:00:00','2020-12-16 00:00:00',0,'제목_0.3814134675836316','내용_0.7134816932617516'),
(146,3,4,0,0,'2020-12-16 00:00:00','2020-12-16 00:00:00',0,'제목_0.607472859888778','내용_0.11117806295974'),
(147,4,2,0,0,'2020-12-16 00:00:00','2020-12-16 00:00:00',0,'제목_0.4687080890580156','내용_0.34206646247028044'),
(148,3,2,0,0,'2020-12-16 00:00:00','2020-12-16 00:00:00',0,'제목_0.5615809173896731','내용_0.32338154904859284'),
(149,5,3,0,0,'2020-12-16 00:00:00','2020-12-16 00:00:00',0,'제목_0.6569074724399554','내용_0.21249588505597403'),
(150,2,4,0,0,'2020-12-16 00:00:00','2020-12-16 00:00:00',0,'제목_0.8312167598225333','내용_0.6921911227444104'),
(151,5,4,0,0,'2020-12-16 00:00:00','2020-12-16 00:00:00',0,'제목_0.897851372973855','내용_0.20939643328021879'),
(152,3,1,0,0,'2020-12-16 00:00:00','2020-12-16 00:00:00',0,'제목_0.6344714058884153','내용_0.7555036942991462'),
(153,5,1,0,0,'2020-12-16 00:00:00','2020-12-16 00:00:00',0,'제목_0.8977390303255423','내용_0.17666407039078333'),
(154,2,2,0,0,'2020-12-16 00:00:00','2020-12-16 00:00:00',0,'제목_0.5323115461806874','내용_0.3999849272891739'),
(155,3,4,0,0,'2020-12-16 00:00:00','2020-12-16 00:00:00',0,'제목_0.8660069050882075','내용_0.8850483800145317'),
(156,5,2,0,0,'2020-12-16 00:00:00','2020-12-16 00:00:00',0,'제목_0.9231412261008669','내용_0.17282325604262133'),
(157,2,4,0,0,'2020-12-16 00:00:00','2020-12-16 00:00:00',0,'제목_0.4908892619338718','내용_0.5894660629233961'),
(158,3,3,0,0,'2020-12-16 00:00:00','2020-12-16 00:00:00',0,'제목_0.6005855506291479','내용_0.1881838647538646'),
(159,2,1,0,0,'2020-12-16 00:00:00','2020-12-16 00:00:00',0,'제목_0.2388216706354373','내용_0.8003225352618122'),
(160,3,1,0,0,'2020-12-16 00:00:00','2020-12-16 00:00:00',0,'제목_0.26841144847535664','내용_0.26774457121989187'),
(161,4,4,0,0,'2020-12-16 00:00:00','2020-12-16 00:00:00',0,'제목_0.720579527058247','내용_0.010270593697457196'),
(162,5,2,0,0,'2020-12-16 00:00:00','2020-12-16 00:00:00',0,'제목_0.41745847595618896','내용_0.8355113908979217'),
(163,5,1,0,0,'2020-12-16 00:00:00','2020-12-16 00:00:00',0,'제목_0.8213235827361454','내용_0.7484970099744359'),
(164,3,1,0,0,'2020-12-16 00:00:00','2020-12-16 00:00:00',0,'제목_0.8998603475278806','내용_0.0580597799812069'),
(165,4,4,0,0,'2020-12-16 00:00:00','2020-12-16 00:00:00',0,'제목_0.12489702191659903','내용_0.28625474710599963'),
(166,2,2,0,0,'2020-12-16 00:00:00','2020-12-16 00:00:00',0,'제목_0.9509983891164869','내용_0.4825441003614516'),
(167,4,2,0,0,'2020-12-16 00:00:00','2020-12-16 00:00:00',0,'제목_0.07579671319182656','내용_0.3259999298732727'),
(168,3,1,0,0,'2020-12-16 00:00:00','2020-12-16 00:00:00',0,'제목_0.9674111278424143','내용_0.731911838736303'),
(169,5,3,0,0,'2020-12-16 00:00:00','2020-12-16 00:00:00',0,'제목_0.6824911028915002','내용_0.6397743882981822'),
(170,2,4,0,0,'2020-12-16 00:00:00','2020-12-16 00:00:00',0,'제목_0.7341549580303532','내용_0.15776427011728683'),
(171,4,2,0,0,'2020-12-16 00:00:00','2020-12-16 00:00:00',0,'제목_0.5333792916809947','내용_0.29142721955797374'),
(172,5,2,0,0,'2020-12-16 00:00:00','2020-12-16 00:00:00',0,'제목_0.4825534676039158','내용_0.18063845036610818'),
(173,3,3,0,0,'2020-12-16 00:00:00','2020-12-16 00:00:00',0,'제목_0.31212478346389233','내용_0.3533917128605691'),
(174,5,1,0,0,'2020-12-16 00:00:00','2020-12-16 00:00:00',0,'제목_0.9719778736792298','내용_0.5816510530017792'),
(175,5,1,0,0,'2020-12-16 00:00:00','2020-12-16 00:00:00',0,'제목_0.10631123288191038','내용_0.8815904593855054'),
(176,2,4,0,0,'2020-12-16 00:00:00','2020-12-16 00:00:00',0,'제목_0.7345531319589849','내용_0.2718002975655722'),
(177,2,4,0,0,'2020-12-16 00:00:00','2020-12-16 00:00:00',0,'제목_0.3405224199784197','내용_0.818682876246686'),
(178,2,4,0,0,'2020-12-16 00:00:00','2020-12-16 00:00:00',0,'제목_0.3003943854015268','내용_0.7924104712832817'),
(179,2,4,0,0,'2020-12-16 00:00:00','2020-12-16 00:00:00',0,'제목_0.4529661959530471','내용_0.4834866956653881'),
(180,2,4,0,0,'2020-12-16 00:00:00','2020-12-16 00:00:00',0,'제목_0.035468015852820146','내용_0.6506964607636412'),
(181,2,4,0,0,'2020-12-16 00:00:00','2020-12-16 00:00:00',0,'제목_0.47527558680183773','내용_0.026471714513815674'),
(182,4,2,0,0,'2020-12-16 00:00:00','2020-12-16 00:00:00',0,'제목_0.14662501043325757','내용_0.37339277786518704'),
(183,3,1,0,0,'2020-12-16 00:00:00','2020-12-16 00:00:00',0,'제목_0.7950640691398309','내용_0.929521953621434'),
(184,3,3,0,0,'2020-12-16 00:00:00','2020-12-16 00:00:00',0,'제목_0.8303578913494553','내용_0.5812231065530545'),
(185,3,2,0,0,'2020-12-16 00:00:00','2020-12-16 00:00:00',0,'제목_0.41257515401819267','내용_0.06825532584288653'),
(186,2,2,0,0,'2020-12-16 00:00:00','2020-12-16 00:00:00',0,'제목_0.2542966504155627','내용_0.3325131547940086'),
(187,5,3,0,0,'2020-12-16 00:00:00','2020-12-16 00:00:00',0,'제목_0.80517163854574','내용_0.5233387225524883'),
(188,2,2,0,0,'2020-12-16 00:00:00','2020-12-16 00:00:00',0,'제목_0.5758513590096043','내용_0.5716243186701315'),
(189,2,4,0,0,'2020-12-16 00:00:00','2020-12-16 00:00:00',0,'제목_0.29812143957067416','내용_0.6767127985849164'),
(190,3,2,0,0,'2020-12-16 00:00:00','2020-12-16 00:00:00',0,'제목_0.6117017144446277','내용_0.8109281238270254'),
(191,2,3,0,0,'2020-12-16 00:00:00','2020-12-16 00:00:00',0,'제목_0.6658594707640442','내용_0.3346178087728264'),
(192,4,2,0,0,'2020-12-16 00:00:00','2020-12-16 00:00:00',0,'제목_0.8419676235336508','내용_0.08873840057173595'),
(193,5,2,0,0,'2020-12-16 00:00:00','2020-12-16 00:00:00',0,'제목_0.8602857616360167','내용_0.3332369069878356'),
(194,2,2,0,0,'2020-12-16 00:00:00','2020-12-16 00:00:00',0,'제목_0.8786467564093384','내용_0.1124566719983301'),
(195,5,2,0,0,'2020-12-16 00:00:00','2020-12-16 00:00:00',0,'제목_0.6926987773670804','내용_0.5804570508938814'),
(196,5,2,0,0,'2020-12-16 00:00:00','2020-12-16 00:00:00',0,'제목_0.42530138923348987','내용_0.9877860462179278'),
(197,4,2,0,0,'2020-12-16 00:00:00','2020-12-16 00:00:00',0,'제목_0.769783561834864','내용_0.7936007518261678'),
(198,4,4,0,0,'2020-12-16 00:00:00','2020-12-16 00:00:00',0,'제목_0.5863572029269833','내용_0.19439615420475245'),
(199,2,2,0,0,'2020-12-16 00:00:00','2020-12-16 00:00:00',0,'제목_0.7680601168126427','내용_0.39622801579183714'),
(200,4,1,0,0,'2020-12-16 00:00:00','2020-12-16 00:00:00',0,'제목_0.9496946511321651','내용_0.16012894749653428'),
(201,5,2,0,0,'2020-12-16 00:00:00','2020-12-16 00:00:00',0,'제목_0.5324038979899175','내용_0.829767733653791'),
(202,4,2,0,0,'2020-12-16 00:00:00','2020-12-16 00:00:00',0,'제목_0.689278290317653','내용_0.6398959175123795'),
(203,2,3,0,0,'2020-12-16 00:00:00','2020-12-16 00:00:00',0,'제목_0.29774586325301405','내용_0.27312130227044346'),
(204,3,3,0,0,'2020-12-16 00:00:00','2020-12-16 00:00:00',0,'제목_0.2952976015352622','내용_0.8490453817407092'),
(205,3,1,0,0,'2020-12-16 00:00:00','2020-12-16 00:00:00',0,'제목_0.16967042458212975','내용_0.09974847463867485'),
(206,5,3,0,0,'2020-12-16 00:00:00','2020-12-16 00:00:00',0,'제목_0.27785792879560767','내용_0.4410589015493718'),
(207,3,3,0,0,'2020-12-16 00:00:00','2020-12-16 00:00:00',0,'제목_0.5619732072222728','내용_0.20358480718320685'),
(208,3,1,0,0,'2020-12-16 00:00:00','2020-12-16 00:00:00',0,'제목_0.2503258662767018','내용_0.10382585982217069'),
(209,5,3,0,0,'2020-12-16 00:00:00','2020-12-16 00:00:00',0,'제목_0.3419503693859562','내용_0.12190855864613183'),
(210,4,3,0,0,'2020-12-16 00:00:00','2020-12-16 00:00:00',0,'제목_0.012589552451474176','내용_0.4047489915087344'),
(211,5,3,0,0,'2020-12-16 00:00:00','2020-12-16 00:00:00',0,'제목_0.6202445920745326','내용_0.9543188586405654'),
(212,5,3,0,0,'2020-12-16 00:00:00','2020-12-16 00:00:00',0,'제목_0.7241493544766208','내용_0.5467082229877899'),
(213,4,1,0,0,'2020-12-16 00:00:00','2020-12-16 00:00:00',0,'제목_0.1434246489251262','내용_0.22110095640746966'),
(214,4,3,0,0,'2020-12-16 00:00:00','2020-12-16 00:00:00',0,'제목_0.5385648901933477','내용_0.5542700072324556'),
(215,2,1,0,0,'2020-12-16 00:00:00','2020-12-16 00:00:00',0,'제목_0.11036879486438705','내용_0.20544303320855184'),
(216,4,4,0,0,'2020-12-16 00:00:00','2020-12-16 00:00:00',0,'제목_0.2327485543049393','내용_0.5710978261857274'),
(217,2,1,0,0,'2020-12-16 00:00:00','2020-12-16 00:00:00',0,'제목_0.8928897640601636','내용_0.24567671329311722'),
(218,4,1,0,0,'2020-12-16 00:00:00','2020-12-16 00:00:00',0,'제목_0.4085641954173932','내용_0.008196759976629876'),
(219,5,1,0,0,'2020-12-16 00:00:00','2020-12-16 00:00:00',0,'제목_0.813456160773948','내용_0.9116829167228965'),
(220,2,4,0,0,'2020-12-16 00:00:00','2020-12-16 00:00:00',0,'제목_0.9217713381366537','내용_0.043310899327798656'),
(221,3,1,0,0,'2020-12-16 00:00:00','2020-12-16 00:00:00',0,'제목_0.27762797966378555','내용_0.009330236361669597'),
(222,2,1,0,0,'2020-12-16 00:00:00','2020-12-16 00:00:00',0,'제목_0.5629266570908266','내용_0.6920962479823234'),
(223,5,4,0,0,'2020-12-16 00:00:00','2020-12-16 00:00:00',0,'제목_0.5959850508682291','내용_0.6332719341230317'),
(224,3,4,0,0,'2020-12-16 00:00:00','2020-12-16 00:00:00',0,'제목_0.8258212449269567','내용_0.15248533911303183'),
(225,3,4,0,0,'2020-12-16 00:00:00','2020-12-16 00:00:00',0,'제목_0.9819059111009407','내용_0.007452673285689832'),
(226,2,2,0,0,'2020-12-16 00:00:00','2020-12-16 00:00:00',0,'제목_0.9022146900205078','내용_0.2049624903173768'),
(227,3,4,0,0,'2020-12-16 00:00:00','2020-12-16 00:00:00',0,'제목_0.9252678993393368','내용_0.6984756642007043'),
(228,4,2,0,0,'2020-12-16 00:00:00','2020-12-16 00:00:00',0,'제목_0.28750760321273244','내용_0.9751991266153744'),
(229,2,1,0,0,'2020-12-16 00:00:00','2020-12-16 00:00:00',0,'제목_0.6684160769622922','내용_0.916779650297742'),
(230,4,1,0,0,'2020-12-16 00:00:00','2020-12-16 00:00:00',0,'제목_0.9786065593162613','내용_0.4642988177615207'),
(231,3,3,0,0,'2020-12-16 00:00:00','2020-12-16 00:00:00',0,'제목_0.5203556330132816','내용_0.9953508395658348'),
(232,3,1,0,0,'2020-12-16 00:00:00','2020-12-16 00:00:00',0,'제목_0.21485884041977937','내용_0.7971417538795078'),
(233,3,2,0,0,'2020-12-16 00:00:00','2020-12-16 00:00:00',0,'제목_0.547784011389859','내용_0.7962115973198894'),
(234,3,2,0,0,'2020-12-16 00:00:00','2020-12-16 00:00:00',0,'제목_0.48635785420086036','내용_0.5321038379632904'),
(235,2,2,0,0,'2020-12-16 00:00:00','2020-12-16 00:00:00',0,'제목_0.45024708979786104','내용_0.018485059978892153'),
(236,4,3,0,0,'2020-12-16 00:00:00','2020-12-16 00:00:00',0,'제목_0.039773631877986375','내용_0.2399727192148312'),
(237,2,3,0,0,'2020-12-16 00:00:00','2020-12-16 00:00:00',0,'제목_0.1723494820039249','내용_0.8133608538781859'),
(238,4,2,0,0,'2020-12-16 00:00:00','2020-12-16 00:00:00',0,'제목_0.8942161667106824','내용_0.5449906452977943'),
(239,2,3,0,0,'2020-12-16 00:00:00','2020-12-16 00:00:00',0,'제목_0.7558451609274793','내용_0.049570194491716284'),
(240,5,4,0,0,'2020-12-16 00:00:00','2020-12-16 00:00:00',0,'제목_0.8233887160414725','내용_0.8583424630186915'),
(241,5,3,0,0,'2020-12-16 00:00:00','2020-12-16 00:00:00',0,'제목_0.1988795885805782','내용_0.396287083063542'),
(242,3,3,0,0,'2020-12-16 00:00:00','2020-12-16 00:00:00',0,'제목_0.5212209052603887','내용_0.40073800776222535'),
(243,3,4,0,0,'2020-12-16 00:00:00','2020-12-16 00:00:00',0,'제목_0.6695318507678172','내용_0.35389095577773727'),
(244,5,3,0,0,'2020-12-16 00:00:00','2020-12-16 00:00:00',0,'제목_0.43053950875116465','내용_0.924827224504973'),
(245,3,4,0,0,'2020-12-16 00:00:00','2020-12-16 00:00:00',0,'제목_0.44297961093762855','내용_0.5505786086903686'),
(246,3,2,0,0,'2020-12-16 00:00:00','2020-12-16 00:00:00',0,'제목_0.06831436424359154','내용_0.9374656173749507'),
(247,3,3,0,0,'2020-12-16 00:00:00','2020-12-16 00:00:00',0,'제목_0.5504864710853309','내용_0.9538474771695654'),
(248,2,3,0,0,'2020-12-16 00:00:00','2020-12-16 00:00:00',0,'제목_0.2834041000189298','내용_0.23497768327126065'),
(249,3,4,0,0,'2020-12-16 00:00:00','2020-12-16 00:00:00',0,'제목_0.6182101700624546','내용_0.3357077327889462'),
(250,5,1,0,0,'2020-12-16 00:00:00','2020-12-16 00:00:00',0,'제목_0.09036425136994966','내용_0.11456802311778816'),
(251,3,1,0,0,'2020-12-16 00:00:00','2020-12-16 00:00:00',0,'제목_0.9199224663152569','내용_0.10451359497803599'),
(252,5,3,0,0,'2020-12-16 00:00:00','2020-12-16 00:00:00',0,'제목_0.21390960664852485','내용_0.5681612264068436'),
(253,2,2,0,0,'2020-12-16 00:00:00','2020-12-16 00:00:00',0,'제목_0.8572833303895624','내용_0.41370748580778716'),
(254,3,1,0,0,'2020-12-16 00:00:00','2020-12-16 00:00:00',0,'제목_0.7215122065707223','내용_0.8806163145980018'),
(255,2,3,0,0,'2020-12-16 00:00:00','2020-12-16 00:00:00',0,'제목_0.038745113684558415','내용_0.5410975781652122'),
(256,4,2,0,0,'2020-12-16 00:00:00','2020-12-16 00:00:00',0,'제목_0.8470932830563683','내용_0.26655584971099705'),
(257,5,1,0,0,'2020-12-16 00:00:00','2020-12-16 00:00:00',0,'제목_0.41464990136646657','내용_0.5997606409711397'),
(258,5,4,0,0,'2020-12-16 00:00:00','2020-12-16 00:00:00',0,'제목_0.6103682626135352','내용_0.12688404799148817'),
(259,5,3,0,0,'2020-12-16 00:00:00','2020-12-16 00:00:00',0,'제목_0.7696800872401149','내용_0.9406245638994729'),
(260,3,1,0,0,'2020-12-16 00:00:00','2020-12-16 00:00:00',0,'제목_0.5604486731444007','내용_0.35662555168999877'),
(261,2,2,0,0,'2020-12-16 00:00:00','2020-12-16 00:00:00',0,'제목_0.8898158435614927','내용_0.13198257529361412'),
(262,5,3,0,0,'2020-12-16 00:00:00','2020-12-16 00:00:00',0,'제목_0.8104998383768832','내용_0.3833616603010908'),
(263,3,2,0,0,'2020-12-16 00:00:00','2020-12-16 00:00:00',0,'제목_0.9263692562713933','내용_0.8024689059727536'),
(264,2,4,0,0,'2020-12-16 00:00:00','2020-12-16 00:00:00',0,'제목_0.09417601404169203','내용_0.19454828574745756'),
(265,4,4,0,0,'2020-12-16 00:00:00','2020-12-16 00:00:00',0,'제목_0.26647107979885404','내용_0.7300886490662476'),
(266,5,1,0,0,'2020-12-16 00:00:00','2020-12-16 00:00:00',0,'제목_0.7713312551112206','내용_0.6620035056602243'),
(267,5,4,0,0,'2020-12-16 00:00:00','2020-12-16 00:00:00',0,'제목_0.9824710609228081','내용_0.9300298885721991'),
(268,4,3,0,0,'2020-12-16 00:00:00','2020-12-16 00:00:00',0,'제목_0.5097502539956479','내용_0.3779758432674928'),
(269,3,3,0,0,'2020-12-16 00:00:00','2020-12-16 00:00:00',0,'제목_0.26418920724111533','내용_0.3133012878832419'),
(270,5,4,0,0,'2020-12-16 00:00:00','2020-12-16 00:00:00',0,'제목_0.32713553153642966','내용_0.8463064607664071'),
(271,3,3,0,0,'2020-12-16 00:00:00','2020-12-16 00:00:00',0,'제목_0.8081695519463807','내용_0.9057197458164019'),
(272,2,4,0,0,'2020-12-16 00:00:00','2020-12-16 00:00:00',0,'제목_0.7041862846391148','내용_0.11105751442821465'),
(273,3,4,0,0,'2020-12-16 00:00:00','2020-12-16 00:00:00',0,'제목_0.074169945040876','내용_0.7294360592304133'),
(274,3,4,0,0,'2020-12-16 00:00:00','2020-12-16 00:00:00',0,'제목_0.4012101147335117','내용_0.2009176688277327'),
(275,5,2,0,0,'2020-12-16 00:00:00','2020-12-16 00:00:00',0,'제목_0.6073118267648964','내용_0.8304476317301837'),
(276,3,1,0,0,'2020-12-16 00:00:00','2020-12-16 00:00:00',0,'제목_0.8099453084263442','내용_0.5692145298879729'),
(277,3,2,0,0,'2020-12-16 00:00:00','2020-12-16 00:00:00',0,'제목_0.6189908437607725','내용_0.9743336029111721'),
(278,2,1,0,0,'2020-12-16 00:00:00','2020-12-16 00:00:00',0,'제목_0.7082974488924234','내용_0.09005689908755654'),
(279,3,2,0,0,'2020-12-16 00:00:00','2020-12-16 00:00:00',0,'제목_0.807774646959989','내용_0.9685025727082999'),
(280,3,1,0,0,'2020-12-16 00:00:00','2020-12-16 00:00:00',0,'제목_0.6946185684712777','내용_0.9017816343361341'),
(281,3,2,0,0,'2020-12-16 00:00:00','2020-12-16 00:00:00',0,'제목_0.8244306033704715','내용_0.8624002094030382'),
(282,5,3,0,0,'2020-12-16 00:00:00','2020-12-16 00:00:00',0,'제목_0.5156009313795724','내용_0.7589674654965918'),
(283,2,4,0,0,'2020-12-16 00:00:00','2020-12-16 00:00:00',0,'제목_0.07224861166649368','내용_0.4714317251662088'),
(284,2,2,0,0,'2020-12-16 00:00:00','2020-12-16 00:00:00',0,'제목_0.017606381343311054','내용_0.22472504826702647'),
(285,2,3,0,0,'2020-12-16 00:00:00','2020-12-16 00:00:00',0,'제목_0.18685927725104548','내용_0.8947298386085125'),
(286,5,4,0,0,'2020-12-16 00:00:00','2020-12-16 00:00:00',0,'제목_0.6666232297817462','내용_0.689613754571987'),
(287,3,1,0,0,'2020-12-16 00:00:00','2020-12-16 00:00:00',0,'제목_0.5161743792855874','내용_0.06440891238340075'),
(288,5,3,0,0,'2020-12-16 00:00:00','2020-12-16 00:00:00',0,'제목_0.05133850411636615','내용_0.233550848656847'),
(289,2,2,0,0,'2020-12-16 00:00:00','2020-12-16 00:00:00',0,'제목_0.7989902112623586','내용_0.8908272077244028'),
(290,2,3,0,0,'2020-12-16 00:00:00','2020-12-16 00:00:00',0,'제목_0.8952316510446664','내용_0.6361215297469138'),
(291,3,3,0,0,'2020-12-16 00:00:00','2020-12-16 00:00:00',0,'제목_0.3462572175508898','내용_0.03268889899616027'),
(292,2,3,0,0,'2020-12-16 00:00:00','2020-12-16 00:00:00',0,'제목_0.2524699068185593','내용_0.6864564676642944'),
(293,4,2,0,0,'2020-12-16 00:00:00','2020-12-16 00:00:00',0,'제목_0.5503514386251116','내용_0.8067756116453331'),
(294,3,2,0,0,'2020-12-16 00:00:00','2020-12-16 00:00:00',0,'제목_0.3204890175913358','내용_0.12106893502275361'),
(295,4,4,0,0,'2020-12-16 00:00:00','2020-12-16 00:00:00',0,'제목_0.3492745266754874','내용_0.17782819101384673'),
(296,5,3,0,0,'2020-12-16 00:00:00','2020-12-16 00:00:00',0,'제목_0.8415602462753283','내용_0.18849380238772723'),
(297,3,3,0,0,'2020-12-16 00:00:00','2020-12-16 00:00:00',0,'제목_0.36393583320447787','내용_0.24929876835020146'),
(298,2,1,0,0,'2020-12-16 00:00:00','2020-12-16 00:00:00',0,'제목_0.6636188623156574','내용_0.24148757219453115'),
(299,2,2,0,0,'2020-12-16 00:00:00','2020-12-16 00:00:00',0,'제목_0.14247530618913035','내용_0.6370450478392141'),
(300,5,4,0,0,'2020-12-16 00:00:00','2020-12-16 00:00:00',0,'제목_0.1159101967848001','내용_0.9459660825747681'),
(301,3,1,0,0,'2020-12-16 00:00:00','2020-12-16 00:00:00',0,'제목_0.21670571734821956','내용_0.8657254696504451'),
(302,4,4,0,0,'2020-12-16 00:00:00','2020-12-16 00:00:00',0,'제목_0.9413431323518447','내용_0.3205914230277682'),
(303,5,4,0,0,'2020-12-16 00:00:00','2020-12-16 00:00:00',0,'제목_0.3275393129582883','내용_0.8391030783197871'),
(304,2,3,0,0,'2020-12-16 00:00:00','2020-12-16 00:00:00',0,'제목_0.09719864567480856','내용_0.8444586199191013'),
(305,5,1,0,0,'2020-12-16 00:00:00','2020-12-16 00:00:00',0,'제목_0.8084591383193239','내용_0.6819653098303502'),
(306,5,4,0,0,'2020-12-16 00:00:00','2020-12-16 00:00:00',0,'제목_0.42840216534994746','내용_0.5129610798442373'),
(307,3,4,0,0,'2020-12-16 00:00:00','2020-12-16 00:00:00',0,'제목_0.4567605326480796','내용_0.706468311796401'),
(308,2,3,0,0,'2020-12-16 00:00:00','2020-12-16 00:00:00',0,'제목_0.9682953264269003','내용_0.7687915002636533'),
(309,5,2,0,0,'2020-12-16 00:00:00','2020-12-16 00:00:00',0,'제목_0.1277018414136971','내용_0.47155935640592067'),
(310,5,2,0,0,'2020-12-16 00:00:00','2020-12-16 00:00:00',0,'제목_0.3698181858005172','내용_0.47275574735622455'),
(311,3,4,0,0,'2020-12-16 00:00:00','2020-12-16 00:00:00',0,'제목_0.5037965965492619','내용_0.958921495786795'),
(312,3,3,0,0,'2020-12-16 00:00:00','2020-12-16 00:00:00',0,'제목_0.8469675880362909','내용_0.6168655404978111'),
(313,4,4,0,0,'2020-12-16 00:00:00','2020-12-16 00:00:00',0,'제목_0.702366397438912','내용_0.9122472535001555'),
(314,3,3,0,0,'2020-12-16 00:00:00','2020-12-16 00:00:00',0,'제목_0.3073077120886256','내용_0.9347071917119503'),
(315,5,4,0,0,'2020-12-16 00:00:00','2020-12-16 00:00:00',0,'제목_0.5148750753280474','내용_0.7125472451677055'),
(316,2,4,0,0,'2020-12-16 00:00:00','2020-12-16 00:00:00',0,'제목_0.7102341798229461','내용_0.6924305853363412'),
(317,3,3,0,0,'2020-12-16 00:00:00','2020-12-16 00:00:00',0,'제목_0.9054505991800228','내용_0.7873719332622102'),
(318,2,3,0,0,'2020-12-16 00:00:00','2020-12-16 00:00:00',0,'제목_0.04059497457053044','내용_0.9817037181758357'),
(319,5,4,0,0,'2020-12-16 00:00:00','2020-12-16 00:00:00',0,'제목_0.5825857655914368','내용_0.9472567615539365'),
(320,5,1,0,0,'2020-12-16 00:00:00','2020-12-16 00:00:00',0,'제목_0.5387326791311918','내용_0.39107606223884606'),
(321,3,3,0,0,'2020-12-16 00:00:00','2020-12-16 00:00:00',0,'제목_0.5958699505737702','내용_0.411299683536682'),
(322,3,1,0,0,'2020-12-16 00:00:00','2020-12-16 00:00:00',0,'제목_0.7460540586580094','내용_0.39863843321673426'),
(323,5,3,0,0,'2020-12-16 00:00:00','2020-12-16 00:00:00',0,'제목_0.631084144703191','내용_0.4177162483499537'),
(324,2,3,0,0,'2020-12-16 00:00:00','2020-12-16 00:00:00',0,'제목_0.03149090337705883','내용_0.9869681149599777'),
(325,5,1,0,0,'2020-12-16 00:00:00','2020-12-16 00:00:00',0,'제목_0.6835721588540563','내용_0.6950553364074373'),
(326,3,1,0,0,'2020-12-16 00:00:00','2020-12-16 00:00:00',0,'제목_0.9144953348808879','내용_0.4595710974741458'),
(327,4,2,0,0,'2020-12-16 00:00:00','2020-12-16 00:00:00',0,'제목_0.30256301844731254','내용_0.3334122061109284'),
(328,5,4,0,0,'2020-12-16 00:00:00','2020-12-16 00:00:00',0,'제목_0.7050012235576298','내용_0.1351358221239744'),
(329,4,2,0,0,'2020-12-16 00:00:00','2020-12-16 00:00:00',0,'제목_0.3078232075160585','내용_0.3452063150193601'),
(330,5,4,0,0,'2020-12-16 00:00:00','2020-12-16 00:00:00',0,'제목_0.47826909132140605','내용_0.45977248107993274'),
(331,5,4,0,0,'2020-12-16 00:00:00','2020-12-16 00:00:00',0,'제목_0.1126265359228724','내용_0.7402575153301074'),
(332,3,3,0,0,'2020-12-16 00:00:00','2020-12-16 00:00:00',0,'제목_0.8911134459926872','내용_0.6667648122336388'),
(333,4,2,0,0,'2020-12-16 00:00:00','2020-12-16 00:00:00',0,'제목_0.5291705872203881','내용_0.7394798758807405'),
(334,2,2,0,0,'2020-12-16 00:00:00','2020-12-16 00:00:00',0,'제목_0.32533031266679086','내용_0.6336556576505822'),
(335,2,1,0,0,'2020-12-16 00:00:00','2020-12-16 00:00:00',0,'제목_0.7254877013391701','내용_0.4460286492910503'),
(336,2,4,0,0,'2020-12-16 00:00:00','2020-12-16 00:00:00',0,'제목_0.4905342548066138','내용_0.6617264586144374'),
(337,5,1,0,0,'2020-12-16 00:00:00','2020-12-16 00:00:00',0,'제목_0.4887536116770968','내용_0.8438627336582754'),
(338,5,1,0,0,'2020-12-16 00:00:00','2020-12-16 00:00:00',0,'제목_0.9092221873898266','내용_0.8450825185003528'),
(339,3,4,0,0,'2020-12-16 00:00:00','2020-12-16 00:00:00',0,'제목_0.274175750347018','내용_0.5104304407820389'),
(340,4,1,0,0,'2020-12-16 00:00:00','2020-12-16 00:00:00',0,'제목_0.39529321193256717','내용_0.6259652111921136'),
(341,5,4,0,0,'2020-12-16 00:00:00','2020-12-16 00:00:00',0,'제목_0.37734393624341483','내용_0.3612097570311369'),
(342,4,2,0,0,'2020-12-16 00:00:00','2020-12-16 00:00:00',0,'제목_0.41022798643468694','내용_0.19177257660010139'),
(343,4,1,0,0,'2020-12-16 00:00:00','2020-12-16 00:00:00',0,'제목_0.14334853286235458','내용_0.520011475794028'),
(344,2,2,0,0,'2020-12-16 00:00:00','2020-12-16 00:00:00',0,'제목_0.9400878920593186','내용_0.8303655142247356'),
(345,3,1,0,0,'2020-12-16 00:00:00','2020-12-16 00:00:00',0,'제목_0.8389238359769097','내용_0.6944498612493741'),
(346,5,3,0,0,'2020-12-16 00:00:00','2020-12-16 00:00:00',0,'제목_0.6037645047565592','내용_0.9367037778130768'),
(347,5,3,0,0,'2020-12-16 00:00:00','2020-12-16 00:00:00',0,'제목_0.13840243885144818','내용_0.03896505016737157'),
(348,5,4,0,0,'2020-12-16 00:00:00','2020-12-16 00:00:00',0,'제목_0.5671196622467783','내용_0.4920142260305716'),
(349,5,2,0,0,'2020-12-16 00:00:00','2020-12-16 00:00:00',0,'제목_0.31145462515899414','내용_0.6047184864103035'),
(350,2,3,0,0,'2020-12-16 00:00:00','2020-12-16 00:00:00',0,'제목_0.8922518090272805','내용_0.5652965517391418'),
(351,2,1,0,0,'2020-12-16 00:00:00','2020-12-16 00:00:00',0,'제목_0.8145538799600246','내용_0.9145278687724172'),
(352,2,4,0,0,'2020-12-16 00:00:00','2020-12-16 00:00:00',0,'제목_0.11959231656006754','내용_0.8940463195499464'),
(353,2,4,0,0,'2020-12-16 00:00:00','2020-12-16 00:00:00',0,'제목_0.04130832482251183','내용_0.58113825654717'),
(354,5,1,0,0,'2020-12-16 00:00:00','2020-12-16 00:00:00',0,'제목_0.48178579423742907','내용_0.9126781336149928'),
(355,2,4,0,0,'2020-12-16 00:00:00','2020-12-16 00:00:00',0,'제목_0.9065611342960607','내용_0.9764090711031194'),
(356,2,4,0,0,'2020-12-16 00:00:00','2020-12-16 00:00:00',0,'제목_0.9258277517983948','내용_0.9813905870368617'),
(357,2,3,0,0,'2020-12-16 00:00:00','2020-12-16 00:00:00',0,'제목_0.12747501034985764','내용_0.5278446157722219'),
(358,3,3,0,0,'2020-12-16 00:00:00','2020-12-16 00:00:00',0,'제목_0.7318886758125281','내용_0.5580736813676298'),
(359,4,2,0,0,'2020-12-16 00:00:00','2020-12-16 00:00:00',0,'제목_0.7123479868400358','내용_0.6638668530284119'),
(360,2,4,0,0,'2020-12-16 00:00:00','2020-12-16 00:00:00',0,'제목_0.05238476679882478','내용_0.5023704194485866'),
(361,3,2,0,0,'2020-12-16 00:00:00','2020-12-16 00:00:00',0,'제목_0.26779609943534816','내용_0.5398467970451776'),
(362,5,4,0,0,'2020-12-16 00:00:00','2020-12-16 00:00:00',0,'제목_0.6109040171009525','내용_0.47545543264174406'),
(363,4,2,0,0,'2020-12-16 00:00:00','2020-12-16 00:00:00',0,'제목_0.8486018328448774','내용_0.353630856940179'),
(364,2,1,0,0,'2020-12-16 00:00:00','2020-12-16 00:00:00',0,'제목_0.5872113020971522','내용_0.7835019079814682'),
(365,2,2,0,0,'2020-12-16 00:00:00','2020-12-16 00:00:00',0,'제목_0.6767361803694966','내용_0.0970630469704634'),
(366,3,4,0,0,'2020-12-16 00:00:00','2020-12-16 00:00:00',0,'제목_0.556402418349313','내용_0.8289785858513588'),
(367,3,4,0,0,'2020-12-16 00:00:00','2020-12-16 00:00:00',0,'제목_0.030406905366486783','내용_0.47755616388987393'),
(368,3,1,0,0,'2020-12-16 00:00:00','2020-12-16 00:00:00',0,'제목_0.3609806758919551','내용_0.6545067817480367'),
(369,2,4,0,0,'2020-12-16 00:00:00','2020-12-16 00:00:00',0,'제목_0.3534205177365062','내용_0.8137848859781258'),
(370,2,3,0,0,'2020-12-16 00:00:00','2020-12-16 00:00:00',0,'제목_0.9838108578546074','내용_0.11317459038754421'),
(371,4,3,0,0,'2020-12-16 00:00:00','2020-12-16 00:00:00',0,'제목_0.8200703289546728','내용_0.9023167601808131'),
(372,2,3,0,0,'2020-12-16 00:00:00','2020-12-16 00:00:00',0,'제목_0.5954513667108969','내용_0.32751494210913307'),
(373,5,2,0,0,'2020-12-16 00:00:00','2020-12-16 00:00:00',0,'제목_0.8141301579905024','내용_0.24997559026812724'),
(374,5,2,0,0,'2020-12-16 00:00:00','2020-12-16 00:00:00',0,'제목_0.015091508640992929','내용_0.21292517260920737'),
(375,2,2,0,0,'2020-12-16 00:00:00','2020-12-16 00:00:00',0,'제목_0.23185268811122764','내용_0.7853194147211681'),
(376,2,4,0,0,'2020-12-16 00:00:00','2020-12-16 00:00:00',0,'제목_0.3030678437119982','내용_0.11762828949617994'),
(377,4,1,0,0,'2020-12-16 00:00:00','2020-12-16 00:00:00',0,'제목_0.1722106776872749','내용_0.7356387262564513'),
(378,2,3,0,0,'2020-12-16 00:00:00','2020-12-16 00:00:00',0,'제목_0.5197751275447897','내용_0.7961996782535684'),
(379,3,3,0,0,'2020-12-16 00:00:00','2020-12-16 00:00:00',0,'제목_0.33381187667493883','내용_0.5097608356827505'),
(380,4,1,0,0,'2020-12-16 00:00:00','2020-12-16 00:00:00',0,'제목_0.39569638985739686','내용_0.3558007221257321'),
(381,4,4,0,0,'2020-12-16 00:00:00','2020-12-16 00:00:00',0,'제목_0.6851077318984156','내용_0.7490280203046538'),
(382,4,1,0,0,'2020-12-16 00:00:00','2020-12-16 00:00:00',0,'제목_0.9405524841887434','내용_0.09676049379330175'),
(383,4,1,0,0,'2020-12-16 00:00:00','2020-12-16 00:00:00',0,'제목_0.11578381444866193','내용_0.5175877479068821'),
(384,2,3,0,0,'2020-12-16 00:00:00','2020-12-16 00:00:00',0,'제목_0.5291051580841701','내용_0.6950055562844552'),
(385,5,2,0,0,'2020-12-16 00:00:00','2020-12-16 00:00:00',0,'제목_0.10458827401007365','내용_0.46230624659201713'),
(386,5,3,0,0,'2020-12-16 00:00:00','2020-12-16 00:00:00',0,'제목_0.016268202118825355','내용_0.2756005435023462'),
(387,3,4,0,0,'2020-12-16 00:00:00','2020-12-16 00:00:00',0,'제목_0.10835115342247408','내용_0.08418846883269816'),
(388,2,1,0,0,'2020-12-16 00:00:00','2020-12-16 00:00:00',0,'제목_0.8467292737650958','내용_0.5530088074067689'),
(389,2,2,0,0,'2020-12-16 00:00:00','2020-12-16 00:00:00',0,'제목_0.65170549568879','내용_0.8627629865545434'),
(390,3,1,0,0,'2020-12-16 00:00:00','2020-12-16 00:00:00',0,'제목_0.9499218677635508','내용_0.1339990097414693'),
(391,5,3,0,0,'2020-12-16 00:00:00','2020-12-16 00:00:00',0,'제목_0.035063513587288105','내용_0.07786645188728948'),
(392,3,1,0,0,'2020-12-16 00:00:00','2020-12-16 00:00:00',0,'제목_0.08312189307354567','내용_0.8542812297626223'),
(393,2,3,0,0,'2020-12-16 00:00:00','2020-12-16 00:00:00',0,'제목_0.6706727451371707','내용_0.7112872271903672'),
(394,4,3,0,0,'2020-12-16 00:00:00','2020-12-16 00:00:00',0,'제목_0.30788626457367674','내용_0.7747473370048659'),
(395,5,2,0,0,'2020-12-16 00:00:00','2020-12-16 00:00:00',0,'제목_0.2805044141416479','내용_0.12407921173058377'),
(396,5,3,0,0,'2020-12-16 00:00:00','2020-12-16 00:00:00',0,'제목_0.2742346415987561','내용_0.8046433476774426'),
(397,2,3,0,0,'2020-12-16 00:00:00','2020-12-16 00:00:00',0,'제목_0.3416325443812018','내용_0.9422601246668586'),
(398,4,3,0,0,'2020-12-16 00:00:00','2020-12-16 00:00:00',0,'제목_0.9669647747343078','내용_0.019119620340987686'),
(399,2,4,0,0,'2020-12-16 00:00:00','2020-12-16 00:00:00',0,'제목_0.996689660471575','내용_0.23496770042457404'),
(400,2,1,0,0,'2020-12-16 00:00:00','2020-12-16 00:00:00',0,'제목_0.540414809752642','내용_0.045240019490234575'),
(401,4,4,0,0,'2020-12-16 00:00:00','2020-12-16 00:00:00',0,'제목_0.630425268439972','내용_0.48495097224130385'),
(402,4,1,0,0,'2020-12-16 00:00:00','2020-12-16 00:00:00',0,'제목_0.46227550642776816','내용_0.6737499215395655'),
(403,5,4,0,0,'2020-12-16 00:00:00','2020-12-16 00:00:00',0,'제목_0.4960599825680814','내용_0.8152023580066882'),
(404,4,2,0,0,'2020-12-16 00:00:00','2020-12-16 00:00:00',0,'제목_0.7042660216840599','내용_0.04067317307058086'),
(405,2,2,0,0,'2020-12-16 00:00:00','2020-12-16 00:00:00',0,'제목_0.38239487109928844','내용_0.9195153861488359'),
(406,3,2,0,0,'2020-12-16 00:00:00','2020-12-16 00:00:00',0,'제목_0.11590105212843144','내용_0.09925845181500395'),
(407,2,2,0,0,'2020-12-16 00:00:00','2020-12-16 00:00:00',0,'제목_0.7800843424909603','내용_0.5649107159719903'),
(408,3,3,0,0,'2020-12-16 00:00:00','2020-12-16 00:00:00',0,'제목_0.18095227347775575','내용_0.7244490028586695'),
(409,2,1,0,0,'2020-12-16 00:00:00','2020-12-16 00:00:00',0,'제목_0.8798060825837832','내용_0.7282480082737729'),
(410,2,4,0,0,'2020-12-16 00:00:00','2020-12-16 00:00:00',0,'제목_0.11636019602078963','내용_0.1087056278332189'),
(411,2,3,0,0,'2020-12-16 00:00:00','2020-12-16 00:00:00',0,'제목_0.6472625673257397','내용_0.29794969809981964'),
(412,4,4,0,0,'2020-12-16 00:00:00','2020-12-16 00:00:00',0,'제목_0.5858927365261062','내용_0.391598615228756'),
(413,2,4,0,0,'2020-12-16 00:00:00','2020-12-16 00:00:00',0,'제목_0.5329486965508654','내용_0.1844074988592486'),
(414,3,1,0,0,'2020-12-16 00:00:00','2020-12-16 00:00:00',0,'제목_0.3440992798135609','내용_0.5322922966743747'),
(415,4,3,0,0,'2020-12-16 00:00:00','2020-12-16 00:00:00',0,'제목_0.8572165769126421','내용_0.6392583731927521'),
(416,4,1,0,0,'2020-12-16 00:00:00','2020-12-16 00:00:00',0,'제목_0.15325223761913576','내용_0.1499539959709663'),
(417,3,1,0,0,'2020-12-16 00:00:00','2020-12-16 00:00:00',0,'제목_0.13098279492089784','내용_0.654300410909858'),
(418,5,2,0,0,'2020-12-16 00:00:00','2020-12-16 00:00:00',0,'제목_0.51367543219931','내용_0.27877528991436146'),
(419,5,2,0,0,'2020-12-16 00:00:00','2020-12-16 00:00:00',0,'제목_0.5810748772519406','내용_0.6215991784088306'),
(420,3,4,0,0,'2020-12-16 00:00:00','2020-12-16 00:00:00',0,'제목_0.7009809107528822','내용_0.6277277326469568'),
(421,2,2,0,0,'2020-12-16 00:00:00','2020-12-16 00:00:00',0,'제목_0.3693953523127319','내용_0.9610868682722439'),
(422,4,3,0,0,'2020-12-16 00:00:00','2020-12-16 00:00:00',0,'제목_0.9231600937649236','내용_0.8068574944574921'),
(423,3,4,0,0,'2020-12-16 00:00:00','2020-12-16 00:00:00',0,'제목_0.7228966455188549','내용_0.9040922903493906'),
(424,3,1,0,0,'2020-12-16 00:00:00','2020-12-16 00:00:00',0,'제목_0.17758983948974855','내용_0.7482065602654653'),
(425,2,4,0,0,'2020-12-16 00:00:00','2020-12-16 00:00:00',0,'제목_0.35869467943785216','내용_0.40338267423527563'),
(426,5,2,0,0,'2020-12-16 00:00:00','2020-12-16 00:00:00',0,'제목_0.6475060699950029','내용_0.7555339026782046'),
(427,5,4,0,0,'2020-12-16 00:00:00','2020-12-16 00:00:00',0,'제목_0.04032099530130717','내용_0.4741400270481967'),
(428,2,4,0,0,'2020-12-16 00:00:00','2020-12-16 00:00:00',0,'제목_0.38211774023446976','내용_0.43179118207822664'),
(429,2,4,0,0,'2020-12-16 00:00:00','2020-12-16 00:00:00',0,'제목_0.8003923024985867','내용_0.6990412834091496'),
(430,2,2,0,0,'2020-12-16 00:00:00','2020-12-16 00:00:00',0,'제목_0.5830308195045505','내용_0.7960824824833148'),
(431,2,4,0,0,'2020-12-16 00:00:00','2020-12-16 00:00:00',0,'제목_0.14780260915663337','내용_0.43395555711719724'),
(432,4,2,0,0,'2020-12-16 00:00:00','2020-12-16 00:00:00',0,'제목_0.47080658233799655','내용_0.3640830315315007'),
(433,3,4,0,0,'2020-12-16 00:00:00','2020-12-16 00:00:00',0,'제목_0.5146544217268512','내용_0.7300877102930916'),
(434,2,2,0,0,'2020-12-16 00:00:00','2020-12-16 00:00:00',0,'제목_0.3911415044135801','내용_0.9293670979601956'),
(435,3,3,0,0,'2020-12-16 00:00:00','2020-12-16 00:00:00',0,'제목_0.4745358754643573','내용_0.6358180880880152'),
(436,5,4,0,0,'2020-12-16 00:00:00','2020-12-16 00:00:00',0,'제목_0.0833514482559184','내용_0.8068773008947049'),
(437,5,3,0,0,'2020-12-16 00:00:00','2020-12-16 00:00:00',0,'제목_0.15214886064841307','내용_0.2576570932359035'),
(438,5,2,0,0,'2020-12-16 00:00:00','2020-12-16 00:00:00',0,'제목_0.43559991515763097','내용_0.01932962892514619'),
(439,5,4,0,0,'2020-12-16 00:00:00','2020-12-16 00:00:00',0,'제목_0.08672120802730435','내용_0.7598461906983016'),
(440,4,2,0,0,'2020-12-16 00:00:00','2020-12-16 00:00:00',0,'제목_0.4617892470786248','내용_0.061551488061949135'),
(441,5,2,0,0,'2020-12-16 00:00:00','2020-12-16 00:00:00',0,'제목_0.3693019192379917','내용_0.5646269801674662'),
(442,4,4,0,0,'2020-12-16 00:00:00','2020-12-16 00:00:00',0,'제목_0.26563730674389496','내용_0.6813916859043685'),
(443,4,1,0,0,'2020-12-16 00:00:00','2020-12-16 00:00:00',0,'제목_0.2001487763599947','내용_0.9825708931149644'),
(444,3,3,0,0,'2020-12-16 00:00:00','2020-12-16 00:00:00',0,'제목_0.1344164667040263','내용_0.8290978016602786'),
(445,4,1,0,0,'2020-12-16 00:00:00','2020-12-16 00:00:00',0,'제목_0.8928052158027936','내용_0.7923116486447972'),
(446,3,1,0,0,'2020-12-16 00:00:00','2020-12-16 00:00:00',0,'제목_0.34446323881341445','내용_0.6059815721642055'),
(447,5,1,0,0,'2020-12-16 00:00:00','2020-12-16 00:00:00',0,'제목_0.8336764544562217','내용_0.6744437335752358'),
(448,5,2,0,0,'2020-12-16 00:00:00','2020-12-16 00:00:00',0,'제목_0.049509556078826594','내용_0.24970129248658315'),
(449,2,4,0,0,'2020-12-16 00:00:00','2020-12-16 00:00:00',0,'제목_0.4539929455649042','내용_0.0176089247852647'),
(450,4,3,0,0,'2020-12-16 00:00:00','2020-12-16 00:00:00',0,'제목_0.7093143078585289','내용_0.8140645314138983'),
(451,5,2,0,0,'2020-12-16 00:00:00','2020-12-16 00:00:00',0,'제목_0.5213870261995001','내용_0.797819388842042'),
(452,3,3,0,0,'2020-12-16 00:00:00','2020-12-16 00:00:00',0,'제목_0.3812990713690399','내용_0.7128313497759694'),
(453,3,4,0,0,'2020-12-16 00:00:00','2020-12-16 00:00:00',0,'제목_0.5532403789025176','내용_0.8777904984334395'),
(454,4,1,0,0,'2020-12-16 00:00:00','2020-12-16 00:00:00',0,'제목_0.8762332041526523','내용_0.3428096522975803'),
(455,2,2,0,0,'2020-12-16 00:00:00','2020-12-16 00:00:00',0,'제목_0.7355263547371387','내용_0.48268838644278084'),
(456,2,3,0,0,'2020-12-16 00:00:00','2020-12-16 00:00:00',0,'제목_0.31065815995508633','내용_0.7945427352511722'),
(457,2,4,0,0,'2020-12-16 00:00:00','2020-12-16 00:00:00',0,'제목_0.9781221523677205','내용_0.43040691076815774'),
(458,2,4,0,0,'2020-12-16 00:00:00','2020-12-16 00:00:00',0,'제목_0.33259532724748864','내용_0.2716168596144923'),
(459,3,4,0,0,'2020-12-16 00:00:00','2020-12-16 00:00:00',0,'제목_0.852310925584576','내용_0.30163109703141366'),
(460,5,4,0,0,'2020-12-16 00:00:00','2020-12-16 00:00:00',0,'제목_0.40243398994434065','내용_0.4585086744823574'),
(461,2,1,0,0,'2020-12-16 00:00:00','2020-12-16 00:00:00',0,'제목_0.9976816000395283','내용_0.8363645093854186'),
(462,2,2,0,0,'2020-12-16 00:00:00','2020-12-16 00:00:00',0,'제목_0.6076436495479602','내용_0.7338321076089815'),
(463,5,1,0,0,'2020-12-16 00:00:00','2020-12-16 00:00:00',0,'제목_0.6095702132299265','내용_0.9588956711430994'),
(464,5,4,0,0,'2020-12-16 00:00:00','2020-12-16 00:00:00',0,'제목_0.8634555459613498','내용_0.4608225072369189'),
(465,4,1,0,0,'2020-12-16 00:00:00','2020-12-16 00:00:00',0,'제목_0.7900730146002705','내용_0.39157864115347957'),
(466,4,4,0,0,'2020-12-16 00:00:00','2020-12-16 00:00:00',0,'제목_0.05515280650477186','내용_0.9848588509344113'),
(467,5,4,0,0,'2020-12-16 00:00:00','2020-12-16 00:00:00',0,'제목_0.9215064699961865','내용_0.08872395855255794'),
(468,4,1,0,0,'2020-12-16 00:00:00','2020-12-16 00:00:00',0,'제목_0.6093499032867605','내용_0.6587588793214028'),
(469,3,2,0,0,'2020-12-16 00:00:00','2020-12-16 00:00:00',0,'제목_0.36500077914912327','내용_0.7676629859652957'),
(470,4,2,0,0,'2020-12-16 00:00:00','2020-12-16 00:00:00',0,'제목_0.8379331034030142','내용_0.9489429825441381'),
(471,2,2,0,0,'2020-12-16 00:00:00','2020-12-16 00:00:00',0,'제목_0.8459993776362383','내용_0.30674917093175386'),
(472,5,1,0,0,'2020-12-16 00:00:00','2020-12-16 00:00:00',0,'제목_0.3052131750669453','내용_0.3505920649977327'),
(473,5,1,0,0,'2020-12-16 00:00:00','2020-12-16 00:00:00',0,'제목_0.16217748090827602','내용_0.4064034702315959'),
(474,4,3,0,0,'2020-12-16 00:00:00','2020-12-16 00:00:00',0,'제목_0.9046167925974511','내용_0.9984410461023833'),
(475,3,2,0,0,'2020-12-16 00:00:00','2020-12-16 00:00:00',0,'제목_0.1471919288366958','내용_0.5466057458395192'),
(476,3,4,0,0,'2020-12-16 00:00:00','2020-12-16 00:00:00',0,'제목_0.21287941207446104','내용_0.6120541101433841'),
(477,3,2,0,0,'2020-12-16 00:00:00','2020-12-16 00:00:00',0,'제목_0.09510012724911807','내용_0.6595023876610234'),
(478,2,1,0,0,'2020-12-16 00:00:00','2020-12-16 00:00:00',0,'제목_0.3761192898974934','내용_0.6329440675982685'),
(479,2,2,0,0,'2020-12-16 00:00:00','2020-12-16 00:00:00',0,'제목_0.3058141491430012','내용_0.6801298071445243'),
(480,3,2,0,0,'2020-12-16 00:00:00','2020-12-16 00:00:00',0,'제목_0.42859869583379356','내용_0.016062396593450008'),
(481,5,4,0,0,'2020-12-16 00:00:00','2020-12-16 00:00:00',0,'제목_0.23841461188943555','내용_0.41889567432822256'),
(482,3,3,0,0,'2020-12-16 00:00:00','2020-12-16 00:00:00',0,'제목_0.05972553702045748','내용_0.38017019199223273'),
(483,4,2,0,0,'2020-12-16 00:00:00','2020-12-16 00:00:00',0,'제목_0.17428365645397795','내용_0.46783425423114955'),
(484,5,3,0,0,'2020-12-16 00:00:00','2020-12-16 00:00:00',0,'제목_0.9415336865387239','내용_0.6733716713947911'),
(485,4,3,0,0,'2020-12-16 00:00:00','2020-12-16 00:00:00',0,'제목_0.829086331491439','내용_0.07191671717159144'),
(486,5,1,0,0,'2020-12-16 00:00:00','2020-12-16 00:00:00',0,'제목_0.11239111340827412','내용_0.12433662835912465'),
(487,3,1,0,0,'2020-12-16 00:00:00','2020-12-16 00:00:00',0,'제목_0.39416706971280935','내용_0.8222174577621906'),
(488,5,1,0,0,'2020-12-16 00:00:00','2020-12-16 00:00:00',0,'제목_0.0956327469047464','내용_0.9493291368236105'),
(489,3,2,0,0,'2020-12-16 00:00:00','2020-12-16 00:00:00',0,'제목_0.8745075630717981','내용_0.020287873242318514'),
(490,3,2,0,0,'2020-12-16 00:00:00','2020-12-16 00:00:00',0,'제목_0.20984965582364207','내용_0.06308846088413937'),
(491,4,1,0,0,'2020-12-16 00:00:00','2020-12-16 00:00:00',0,'제목_0.14332736017492353','내용_0.9960323721133474'),
(492,4,4,0,0,'2020-12-16 00:00:00','2020-12-16 00:00:00',0,'제목_0.16347043976510917','내용_0.5289463247442118'),
(493,2,1,0,0,'2020-12-16 00:00:00','2020-12-16 00:00:00',0,'제목_0.4608526867449774','내용_0.7499752675648549'),
(494,3,3,0,0,'2020-12-16 00:00:00','2020-12-16 00:00:00',0,'제목_0.8313739540347587','내용_0.39687249194539387'),
(495,3,2,0,0,'2020-12-16 00:00:00','2020-12-16 00:00:00',0,'제목_0.8322066290604012','내용_0.3792760859981888'),
(496,3,4,0,0,'2020-12-16 00:00:00','2020-12-16 00:00:00',0,'제목_0.10559151238351269','내용_0.9450336712831945'),
(497,3,1,0,0,'2020-12-16 00:00:00','2020-12-16 00:00:00',0,'제목_0.8091598151336981','내용_0.4251943057637609'),
(498,4,1,0,0,'2020-12-16 00:00:00','2020-12-16 00:00:00',0,'제목_0.9889121092752666','내용_0.2939275245125662'),
(499,4,3,0,0,'2020-12-16 00:00:00','2020-12-16 00:00:00',0,'제목_0.6549164770682496','내용_0.37641016242691333'),
(500,5,2,0,0,'2020-12-16 00:00:00','2020-12-16 00:00:00',0,'제목_0.5344788045943517','내용_0.30056424839474655'),
(501,5,3,0,0,'2020-12-16 00:00:00','2020-12-16 00:00:00',0,'제목_0.2780033548157693','내용_0.6043220642994364'),
(502,2,1,0,0,'2020-12-16 00:00:00','2020-12-16 00:00:00',0,'제목_0.06237555114773619','내용_0.9367719562135376'),
(503,3,3,0,0,'2020-12-16 00:00:00','2020-12-16 00:00:00',0,'제목_0.8765503250775396','내용_0.36270179447038264'),
(504,2,4,0,0,'2020-12-16 00:00:00','2020-12-16 00:00:00',0,'제목_0.6043498801107983','내용_0.5281950715260534'),
(505,5,3,0,0,'2020-12-16 00:00:00','2020-12-16 00:00:00',0,'제목_0.29144056820444814','내용_0.7920722028166728'),
(506,2,1,0,0,'2020-12-16 00:00:00','2020-12-16 00:00:00',0,'제목_0.011782626632398579','내용_0.8969727939897895'),
(507,3,3,0,0,'2020-12-16 00:00:00','2020-12-16 00:00:00',0,'제목_0.43476293183375425','내용_0.5038279318286366'),
(508,2,3,0,0,'2020-12-16 00:00:00','2020-12-16 00:00:00',0,'제목_0.16930088323475875','내용_0.15819232553075285'),
(509,3,4,0,0,'2020-12-16 00:00:00','2020-12-16 00:00:00',0,'제목_0.8544134924695022','내용_0.4499132004100021'),
(510,4,1,0,0,'2020-12-16 00:00:00','2020-12-16 00:00:00',0,'제목_0.3504643965051178','내용_0.5066573941210819'),
(511,3,4,0,0,'2020-12-16 00:00:00','2020-12-16 00:00:00',0,'제목_0.0018031327070697515','내용_0.34052497180227653'),
(512,4,2,0,0,'2020-12-16 00:00:00','2020-12-16 00:00:00',0,'제목_0.23086642309172678','내용_0.7608244258545567'),
(513,2,2,0,0,'2020-12-16 00:00:00','2020-12-16 00:00:00',0,'제목_0.04113739267097543','내용_0.38026337360987755'),
(514,5,3,0,0,'2020-12-16 00:00:00','2020-12-16 00:00:00',0,'제목_0.40995343719604743','내용_0.8035666754502493'),
(515,5,3,0,0,'2020-12-16 00:00:00','2020-12-16 00:00:00',0,'제목_0.2819081733766088','내용_0.8220444385167626'),
(516,3,4,0,0,'2020-12-16 00:00:00','2020-12-16 00:00:00',0,'제목_0.4882830767783179','내용_0.8723497212606945'),
(517,5,4,0,0,'2020-12-16 00:00:00','2020-12-16 00:00:00',0,'제목_0.6465413129390603','내용_0.6303628940418017'),
(518,2,1,0,0,'2020-12-16 00:00:00','2020-12-16 00:00:00',0,'제목_0.21274914053524766','내용_0.5541532557030704'),
(519,2,1,0,0,'2020-12-16 00:00:00','2020-12-16 00:00:00',0,'제목_0.603116877007407','내용_0.015180310248565218'),
(520,3,2,0,0,'2020-12-16 00:00:00','2020-12-16 00:00:00',0,'제목_0.636416451666892','내용_0.3204407247905067'),
(521,4,3,0,0,'2020-12-16 00:00:00','2020-12-16 00:00:00',0,'제목_0.4383839056253283','내용_0.6815714944913718'),
(522,2,2,0,0,'2020-12-16 00:00:00','2020-12-16 00:00:00',0,'제목_0.8159550659507094','내용_0.8233319239908196'),
(523,4,4,0,0,'2020-12-16 00:00:00','2020-12-16 00:00:00',0,'제목_0.3634992869230912','내용_0.19556689653132753'),
(524,5,4,0,0,'2020-12-16 00:00:00','2020-12-16 00:00:00',0,'제목_0.5879030940941564','내용_0.3895676884703037'),
(525,2,4,0,0,'2020-12-16 00:00:00','2020-12-16 00:00:00',0,'제목_0.2073270550065926','내용_0.7808065477579893'),
(526,3,1,0,0,'2020-12-16 00:00:00','2020-12-16 00:00:00',0,'제목_0.49303726711593315','내용_0.261671136377073'),
(527,5,2,0,0,'2020-12-16 00:00:00','2020-12-16 00:00:00',0,'제목_0.31829918671240953','내용_0.5078774304202548'),
(528,4,2,0,0,'2020-12-16 00:00:00','2020-12-16 00:00:00',0,'제목_0.24061042744723188','내용_0.006604609085810007'),
(529,3,3,0,0,'2020-12-16 00:00:00','2020-12-16 00:00:00',0,'제목_0.747150512176706','내용_0.12731707387353952'),
(530,3,3,0,0,'2020-12-16 00:00:00','2020-12-16 00:00:00',0,'제목_0.7831890748657184','내용_0.13479102415478883'),
(531,3,1,0,0,'2020-12-16 00:00:00','2020-12-16 00:00:00',0,'제목_0.1146692141095821','내용_0.9206463228172123'),
(532,3,3,0,0,'2020-12-16 00:00:00','2020-12-16 00:00:00',0,'제목_0.8932333969448073','내용_0.8636237912472559'),
(533,4,3,0,0,'2020-12-16 00:00:00','2020-12-16 00:00:00',0,'제목_0.09085683067409027','내용_0.6506162710959243'),
(534,5,4,0,0,'2020-12-16 00:00:00','2020-12-16 00:00:00',0,'제목_0.8119957901649137','내용_0.20786191635566012'),
(535,4,2,0,0,'2020-12-16 00:00:00','2020-12-16 00:00:00',0,'제목_0.15516076344546','내용_0.5967273727028886'),
(536,4,4,0,0,'2020-12-16 00:00:00','2020-12-16 00:00:00',0,'제목_0.4484908799161118','내용_0.8406816337636501'),
(537,5,4,0,0,'2020-12-16 00:00:00','2020-12-16 00:00:00',0,'제목_0.2643579936254378','내용_0.01889121347935052'),
(538,3,2,0,0,'2020-12-16 00:00:00','2020-12-16 00:00:00',0,'제목_0.34703856180146203','내용_0.38448191004291354'),
(539,5,2,0,0,'2020-12-16 00:00:00','2020-12-16 00:00:00',0,'제목_0.621237235722353','내용_0.3471148743732971'),
(540,5,2,0,0,'2020-12-16 00:00:00','2020-12-16 00:00:00',0,'제목_0.9742563683299873','내용_0.9173752180462472'),
(541,4,3,0,0,'2020-12-16 00:00:00','2020-12-16 00:00:00',0,'제목_0.8497262651563867','내용_0.5434029871070786'),
(542,2,1,0,0,'2020-12-16 00:00:00','2020-12-16 00:00:00',0,'제목_0.5413511353930003','내용_0.07983993746325369'),
(543,5,3,0,0,'2020-12-16 00:00:00','2020-12-16 00:00:00',0,'제목_0.8556199836131372','내용_0.36946461570399314'),
(544,3,2,0,0,'2020-12-16 00:00:00','2020-12-16 00:00:00',0,'제목_0.6282204339543548','내용_0.25933627342743454'),
(545,3,2,0,0,'2020-12-16 00:00:00','2020-12-16 00:00:00',0,'제목_0.1743981951609237','내용_0.025715935067940444'),
(546,4,4,0,0,'2020-12-16 00:00:00','2020-12-16 00:00:00',0,'제목_0.9327338113754371','내용_0.8143356021627184'),
(547,3,4,0,0,'2020-12-16 00:00:00','2020-12-16 00:00:00',0,'제목_0.8014515152214575','내용_0.23412882279057878'),
(548,5,1,0,0,'2020-12-16 00:00:00','2020-12-16 00:00:00',0,'제목_0.3464390210308498','내용_0.3450104634696715'),
(549,4,2,0,0,'2020-12-16 00:00:00','2020-12-16 00:00:00',0,'제목_0.9110195021247672','내용_0.3741623455417923'),
(550,2,3,0,0,'2020-12-16 00:00:00','2020-12-16 00:00:00',0,'제목_0.41813654677768847','내용_0.3918450012727128'),
(551,4,2,0,0,'2020-12-16 00:00:00','2020-12-16 00:00:00',0,'제목_0.6282638941223397','내용_0.09569346913666787'),
(552,4,3,0,0,'2020-12-16 00:00:00','2020-12-16 00:00:00',0,'제목_0.6254634164510885','내용_0.08342283226868402'),
(553,4,2,0,0,'2020-12-16 00:00:00','2020-12-16 00:00:00',0,'제목_0.6445844402951975','내용_0.862868489569862'),
(554,3,2,0,0,'2020-12-16 00:00:00','2020-12-16 00:00:00',0,'제목_0.4299343101959064','내용_0.20665053018056836'),
(555,4,1,0,0,'2020-12-16 00:00:00','2020-12-16 00:00:00',0,'제목_0.256136754766234','내용_0.9887922182574795'),
(556,2,4,0,0,'2020-12-16 00:00:00','2020-12-16 00:00:00',0,'제목_0.030235780431177264','내용_0.41704593917079824'),
(557,5,3,0,0,'2020-12-16 00:00:00','2020-12-16 00:00:00',0,'제목_0.6238035733101923','내용_0.9545954782092901'),
(558,5,3,0,0,'2020-12-16 00:00:00','2020-12-16 00:00:00',0,'제목_0.5155354519519354','내용_0.6455359744332134'),
(559,4,2,0,0,'2020-12-16 00:00:00','2020-12-16 00:00:00',0,'제목_0.3005786028696025','내용_0.09661351712105191'),
(560,4,3,0,0,'2020-12-16 00:00:00','2020-12-16 00:00:00',0,'제목_0.3400971976482283','내용_0.8500304649118617'),
(561,2,3,0,0,'2020-12-16 00:00:00','2020-12-16 00:00:00',0,'제목_0.3064799823858589','내용_0.734762599444727'),
(562,5,3,0,0,'2020-12-16 00:00:00','2020-12-16 00:00:00',0,'제목_0.5747689703244427','내용_0.17111197316191343'),
(563,2,1,0,0,'2020-12-16 00:00:00','2020-12-16 00:00:00',0,'제목_0.3208862695106177','내용_0.1756442609947587'),
(564,5,1,0,0,'2020-12-16 00:00:00','2020-12-16 00:00:00',0,'제목_0.507711867343366','내용_0.3859197165685889'),
(565,3,4,0,0,'2020-12-16 00:00:00','2020-12-16 00:00:00',0,'제목_0.15339068989585217','내용_0.1432856639318966'),
(566,3,4,0,0,'2020-12-16 00:00:00','2020-12-16 00:00:00',0,'제목_0.48835340094599256','내용_0.8874937080661708'),
(567,5,1,0,0,'2020-12-16 00:00:00','2020-12-16 00:00:00',0,'제목_0.08057866439277182','내용_0.8042111096942901'),
(568,5,2,0,0,'2020-12-16 00:00:00','2020-12-16 00:00:00',0,'제목_0.08186443157667707','내용_0.9574282932630073'),
(569,4,4,0,0,'2020-12-16 00:00:00','2020-12-16 00:00:00',0,'제목_0.55263623646706','내용_0.2568127254553258'),
(570,4,2,0,0,'2020-12-16 00:00:00','2020-12-16 00:00:00',0,'제목_0.9232181719720532','내용_0.5350810983544971'),
(571,5,4,0,0,'2020-12-16 00:00:00','2020-12-16 00:00:00',0,'제목_0.900305854063766','내용_0.7309939951924551'),
(572,5,3,0,0,'2020-12-16 00:00:00','2020-12-16 00:00:00',0,'제목_0.024244035616744344','내용_0.38937940577918606'),
(573,5,1,0,0,'2020-12-16 00:00:00','2020-12-16 00:00:00',0,'제목_0.39093805885961097','내용_0.346630593153304'),
(581,2,5,0,0,'2020-12-18 10:46:55','2020-12-18 10:46:57',0,'웹 자주 쓰는 태그 종류','```\r\n<div></div> //어떤 태그를 사용할지 애매할 때\r\n<section></section> //구역을 나눌 때\r\n<nav></nav> // navigation의 약자 다른 페이지로 안내할 때\r\n<span></span> //글씨 쓸 때 초기 display:inline\r\n<a></a> //링크 걸 때 초기 display: inline\r\n<br> //줄 넘김\r\n```');

/*Table structure for table `board` */

DROP TABLE IF EXISTS `board`;

CREATE TABLE `board` (
  `boardNum` int(10) unsigned NOT NULL AUTO_INCREMENT,
  `name` varchar(50) COLLATE utf8_unicode_ci NOT NULL,
  PRIMARY KEY (`boardNum`)
) ENGINE=InnoDB AUTO_INCREMENT=6 DEFAULT CHARSET=utf8 COLLATE=utf8_unicode_ci;

/*Data for the table `board` */

insert  into `board`(`boardNum`,`name`) values 
(1,'공지사항'),
(2,'자유게시판'),
(3,'과자'),
(4,'사탕'),
(5,'IT');

/*Table structure for table `member` */

DROP TABLE IF EXISTS `member`;

CREATE TABLE `member` (
  `memberNum` int(10) unsigned NOT NULL AUTO_INCREMENT,
  `regDate` datetime NOT NULL,
  `name` varchar(50) COLLATE utf8_unicode_ci NOT NULL,
  `id` varchar(50) COLLATE utf8_unicode_ci NOT NULL,
  `password` varchar(100) COLLATE utf8_unicode_ci NOT NULL,
  PRIMARY KEY (`memberNum`)
) ENGINE=InnoDB AUTO_INCREMENT=6 DEFAULT CHARSET=utf8 COLLATE=utf8_unicode_ci;

/*Data for the table `member` */

insert  into `member`(`memberNum`,`regDate`,`name`,`id`,`password`) values 
(1,'2020-12-16 10:51:10','aaa','aaa','aaa'),
(2,'2020-12-16 10:51:17','방혜성','baobab612','baobab0612'),
(3,'2020-12-16 10:51:24','bbb','bbb','bbb'),
(4,'2020-12-16 11:02:13','ccc','ccc','ccc'),
(5,'2020-12-16 11:08:39','fff','fff','fff');

/*Table structure for table `recommand` */

DROP TABLE IF EXISTS `recommand`;

CREATE TABLE `recommand` (
  `id` int(10) unsigned NOT NULL AUTO_INCREMENT,
  `regDate` datetime NOT NULL,
  `updateDate` datetime NOT NULL,
  `memberId` int(10) unsigned NOT NULL,
  `articleId` int(10) unsigned NOT NULL,
  PRIMARY KEY (`id`)
) ENGINE=InnoDB DEFAULT CHARSET=utf8 COLLATE=utf8_unicode_ci;

/*Data for the table `recommand` */

/*!40101 SET SQL_MODE=@OLD_SQL_MODE */;
/*!40014 SET FOREIGN_KEY_CHECKS=@OLD_FOREIGN_KEY_CHECKS */;
/*!40014 SET UNIQUE_CHECKS=@OLD_UNIQUE_CHECKS */;
/*!40111 SET SQL_NOTES=@OLD_SQL_NOTES */;
